[
{
  "Name": "Sergio's Restuarant and Burger ",
  "LONGITUDE": -73.98705,
  "LATITUDE": 40.28432,
  "ADDRESS_LINE_1": "110a Brighton Ave",
  "CITY": "LONG BRANCH",
  "STATE_OR_COUNTRY_CODE": "NJ  "
},
{
  "Name": "Sirena Ristorante ",
"LONGITUDE": -73.9784,
"LATITUDE": 40.3010,
"ADDRESS_LINE_1": "27 N Ocean Ave",
"CITY": "LONG BRANCH",
"STATE_OR_COUNTRY_CODE": "NJ "
},
{
  "Name": "Firebirds Wood Fired Grill",
  "LONGITUDE": -86.1673,
  "LATITUDE": 32.3592,
  "ADDRESS_LINE_1": "180 NJ-35 ",
  "CITY": "Eatontown",
  "STATE_OR_COUNTRY_CODE": "NJ  "
},
  {
    "Name": "Johnny Piancone's ",
    "LONGITUDE": -74.00265,
    "LATITUDE": 40.29995,
    "ADDRESS_LINE_1": "591 Broadway",
    "CITY": "LONG BRANCH",
    "STATE_OR_COUNTRY_CODE": "NJ  "
  },
  {
    "Name": "McLoone's Pier House ",
    "LONGITUDE": -73.9780,
    "LATITUDE": 40.3026,
    "ADDRESS_LINE_1": "1 N Ocean Ave",
    "CITY": "LONG BRANCH",
    "STATE_OR_COUNTRY_CODE": "NJ  "
  },
  {
    "Name": "The Cabin Restaurant",
    "LONGITUDE": -74.2118,
    "LATITUDE": 40.2313,
    "ADDRESS_LINE_1": "984 NJ-33",
    "CITY": "FREEHOLD",
    "STATE_OR_COUNTRY_CODE": "NJ  "
  },
  {
    "Name": "Sergio's Restuarant and Burger ",
  "LONGITUDE": -73.98705,
  "LATITUDE": 40.28432,
  "ADDRESS_LINE_1": "110a Brighton Ave",
  "CITY": "LONG BRANCH",
  "STATE_OR_COUNTRY_CODE": "NJ  "
},
  {
    "Name": "Catch 19",
    "LONGITUDE": -74.0653,
    "LATITUDE": 40.3516,
    "ADDRESS_LINE_1": "19 Broad St",
    "CITY": "RED BANK",
    "STATE_OR_COUNTRY_CODE": "NJ  "
  },
  {
    "Name": "Huddy's Inn",
    "LONGITUDE": -74.1709,
    "LATITUDE": 40.2879,
    "ADDRESS_LINE_1": "20 County Rd 537",
    "CITY": "COlTS NECK",
    "STATE_OR_COUNTRY_CODE": "NJ  "
  },
  {
    "Name": "Sergio's Restuarant and Burger ",
    "LONGITUDE": -74.1211,
    "LATITUDE": 40.5756,
    "ADDRESS_LINE_1": "50 Maple Ave",
    "CITY": "RED BANK",
    "STATE_OR_COUNTRY_CODE": "NJ  "
  }


]
