{
  "project_info": {
    "project_number": "141063979031",
    "project_id": "newrandoo-ab581",
    "storage_bucket": "newrandoo-ab581.appspot.com"
  },
  "client": [
    {
      "client_info": {
        "mobilesdk_app_id": "1:141063979031:android:bf40d1ddcfa684734edc52",
        "android_client_info": {
          "package_name": "edu.monmouth.cs250.student.newrandoo"
        }
      },
      "oauth_client": [
        {
          "client_id": "141063979031-c1sdhg5hqhra40933ttb95dlqkfvdsl4.apps.googleusercontent.com",
          "client_type": 3
        }
      ],
      "api_key": [
        {
          "current_key": "AIzaSyBzIfZNA3E3z1P_cweKM0DaU-1EjgGoauY"
        }
      ],
      "services": {
        "appinvite_service": {
          "other_platform_oauth_client": [
            {
              "client_id": "141063979031-c1sdhg5hqhra40933ttb95dlqkfvdsl4.apps.googleusercontent.com",
              "client_type": 3
            }
          ]
        }
      }
    }
  ],
  "configuration_version": "1"
}